ang10,ang11,ang12,ang13,ang14,ang15,ang16,ang17,ang18,ang19,ang20,ang21,ang22,ang23,ang24,ang25
1,1,1,1,1,1,1,1,1,1,1,1,1,1,1,1
1,1,1,1,1,1,1,1,1,1,1,1,1,1,1,1
1,1,1,1,1,1,1,1,1,1,1,1,1,1,1,1
1,1,1,1,1,1,1,1,1,1,1,1,1,1,1,1
1,1,1,1,1,1,1,1,1,1,1,1,1,1,1,1
1,1,1,1,1,1,1,1,1,1,1,1,1,1,1,1
1,1,1,1,1,1,1,1,1,1,1,1,1,1,1,1
1,1,1,1,1,1,1,1,1,1,1,1,1,1,1,1
1,1,1,1,1,1,1,1,1,1,1,1,1,1,1,1
1,1,1,1,1,1,1,1,1,1,1,1,1,1,1,1
1,1,1,1,1,1,1,1,1,1,1,1,1,1,1,1
0.9848221323,1,1,1,1,1,1,1,1,1,1,1,1,1,1,1
0.9399775303,0.9848221323,1,1,1,1,1,1,1,1,1,1,1,1,1,1
0.8674709874,0.9399775303,0.9848221323,1,1,1,1,1,1,1,1,1,1,1,1,1
0.7707203483,0.8674709874,0.9399775303,0.9848221323,1,1,1,1,1,1,1,1,1,1,1,1
0.654490283,0.7707203483,0.8674709874,0.9399775303,0.9848221323,1,1,1,1,1,1,1,1,1,1,1
0.5250255769,0.654490283,0.7707203483,0.8674709874,0.9399775303,0.9848221323,1,1,1,1,1,1,1,1,1,1
0.3900101222,0.5250255769,0.654490283,0.7707203483,0.8674709874,0.9399775303,0.9848221323,1,1,1,1,1,1,1,1,1
2.275937973,2.63902593,2.974198551,3.272501758,3.526533947,3.730233439,3.879026297,3.969586231,4,4,4,4,4,4,4,4
1.89542216,2.275937973,2.63902593,2.974198551,3.272501758,3.526533947,3.730233439,3.879026297,3.969586231,4,4,4,4,4,4,4
1.509625577,1.89542216,2.275937973,2.63902593,2.974198551,3.272501758,3.526533947,3.730233439,3.879026297,3.969586231,4,4,4,4,4,4
1.132451452,1.509625577,1.89542216,2.275937973,2.63902593,2.974198551,3.272501758,3.526533947,3.730233439,3.879026297,3.969586231,4,4,4,4,4
0.7796340829,1.132451452,1.509625577,1.89542216,2.275937973,2.63902593,2.974198551,3.272501758,3.526533947,3.730233439,3.879026297,3.969586231,4,4,4,4
0.468944712,0.7796340829,1.132451452,1.509625577,1.89542216,2.275937973,2.63902593,2.974198551,3.272501758,3.526533947,3.730233439,3.879026297,3.969586231,4,4,4
0.2202597511,0.468944712,0.7796340829,1.132451452,1.509625577,1.89542216,2.275937973,2.63902593,2.974198551,3.272501758,3.526533947,3.730233439,3.879026297,3.969586231,4,4
0.05578609207,0.2202597511,0.468944712,0.7796340829,1.132451452,1.509625577,1.89542216,2.275937973,2.63902593,2.974198551,3.272501758,3.526533947,3.730233439,3.879026297,3.969586231,4
0.000224181349,0.05578609207,0.2202597511,0.468944712,0.7796340829,1.132451452,1.509625577,1.89542216,2.275937973,2.63902593,2.974198551,3.272501758,3.526533947,3.730233439,3.879026297,3.969586231
0.08099025012,0.000224181349,0.05578609207,0.2202597511,0.468944712,0.7796340829,1.132451452,1.509625577,1.89542216,2.275937973,2.63902593,2.974198551,3.272501758,3.526533947,3.730233439,3.879026297
0.3284579237,0.08099025012,0.000224181349,0.05578609207,0.2202597511,0.468944712,0.7796340829,1.132451452,1.509625577,1.89542216,2.275937973,2.63902593,2.974198551,3.272501758,3.526533947,3.730233439
0.7762224088,0.3284579237,0.08099025012,0.000224181349,0.05578609207,0.2202597511,0.468944712,0.7796340829,1.132451452,1.509625577,1.89542216,2.275937973,2.63902593,2.974198551,3.272501758,3.526533947
1.461412633,0.7762224088,0.3284579237,0.08099025012,0.000224181349,0.05578609207,0.2202597511,0.468944712,0.7796340829,1.132451452,1.509625577,1.89542216,2.275937973,2.63902593,2.974198551,3.272501758
2.425030604,1.461412633,0.7762224088,0.3284579237,0.08099025012,0.000224181349,0.05578609207,0.2202597511,0.468944712,0.7796340829,1.132451452,1.509625577,1.89542216,2.275937973,2.63902593,2.974198551
0.8588376199,0.3105286509,0.04363461748,0.01415270666,0.1822329481,0.5118145299,0.9702788078,1.528167684,2.158896531,2.838535471,3.545571888,4.260785498,4.966962003,5.648908793,6.293180404,6.888041738
1.737166314,0.8588376199,0.3105286509,0.04363461748,0.01415270666,0.1822329481,0.5118145299,0.9702788078,1.528167684,2.158896531,2.838535471,3.545571888,4.260785498,4.966962003,5.648908793,6.293180404
7.4627942,5.373198418,3.712307469,2.425030604,1.461412633,0.7762224088,0.3284579237,0.08099025012,0.000224181349,0.05578609207,0.2202597511,0.468944712,0.7796340829,1.132451452,1.509625577,1.89542216
10.04190009,7.4627942,5.373198418,3.712307469,2.425030604,1.461412633,0.7762224088,0.3284579237,0.08099025012,0.000224181349,0.05578609207,0.2202597511,0.468944712,0.7796340829,1.132451452,1.509625577
6.917427326,4.70410865,2.999171153,1.737166314,0.8588376199,0.3105286509,0.04363461748,0.01415270666,0.1822329481,0.5118145299,0.9702788078,1.528167684,2.158896531,2.838535471,3.545571888,4.260785498
4.478768522,2.657226826,1.366317208,0.5355481058,0.1011342095,0.005367771315,0.1960266978,0.6258566023,1.252083005,2.036007972,2.94263881,3.940333434,5.000549276,6.097533311,7.208126231,8.311509693
13.16602598,9.711388762,6.917427326,4.70410865,2.999171153,1.737166314,0.8588376199,0.3105286509,0.04363461748,0.01415270666,0.1822329481,0.5118145299,0.9702788078,1.528167684,2.158896531,2.838535471
17.36973764,13.16602598,9.711388762,6.917427326,4.70410865,2.999171153,1.737166314,0.8588376199,0.3105286509,0.04363461748,0.01415270666,0.1822329481,0.5118145299,0.9702788078,1.528167684,2.158896531
22.42048366,17.36973764,13.16602598,9.711388762,6.917427326,4.70410865,2.999171153,1.737166314,0.8588376199,0.3105286509,0.04363461748,0.01415270666,0.1822329481,0.5118145299,0.9702788078,1.528167684
28.42669277,22.42048366,17.36973764,13.16602598,9.711388762,6.917427326,4.70410865,2.999171153,1.737166314,0.8588376199,0.3105286509,0.04363461748,0.01415270666,0.1822329481,0.5118145299,0.9702788078
24.59088286,18.76335506,13.95042903,10.03433419,6.909022197,4.478768522,2.657226826,1.366317208,0.5355481058,0.1011342095,0.005367771315,0.1960266978,0.6258566023,1.252083005,2.036007972,2.94263881
13.09111118,8.755204756,5.436679644,3.010319778,1.36352731,0.3950146284,0.01352804393,0.1368258249,0.6907343218,1.608302012,2.829070001,4.298428074,5.967022792,7.790300572,9.7279436,11.74355802
28.20563573,21.32743931,15.67304381,11.10001735,7.480374404,4.698930752,2.652018413,1.246148283,0.3970263254,0.02852576472,0.07192505896,0.465102105,1.151897923,2.081524745,3.208078587,4.490013302
49.54372876,39.82743138,31.56376743,24.59088286,18.76335506,13.95042903,10.03433419,6.909022197,4.478768522,2.657226826,1.366317208,0.5355481058,0.1011342095,0.005367771315,0.1960266978,0.6258566023
39.82743138,31.56376743,24.59088286,18.76335506,13.95042903,10.03433419,6.909022197,4.478768522,2.657226826,1.366317208,0.5355481058,0.1011342095,0.005367771315,0.1960266978,0.6258566023,1.252083005
31.56376743,24.59088286,18.76335506,13.95042903,10.03433419,6.909022197,4.478768522,2.657226826,1.366317208,0.5355481058,0.1011342095,0.005367771315,0.1960266978,0.6258566023,1.252083005,2.036007972
15.67304381,11.10001735,7.480374404,4.698930752,2.652018413,1.246148283,0.3970263254,0.02852576472,0.07192505896,0.465102105,1.151897923,2.081524745,3.208078587,4.490013302,5.889782997,7.373463089
0.1100042286,0.07021052473,0.6927204249,1.88100706,3.548287565,5.616424824,8.015151436,10.68105592,13.55700579,16.59148838,19.73801889,22.95474454,26.2038042,29.45110807,32.66593593,35.82055194
3.010319778,1.36352731,0.3950146284,0.01352804393,0.1368258249,0.6907343218,1.608302012,2.829070001,4.298428074,5.967022792,7.790300572,9.7279436,11.74355802,13.80428737,15.88044269,17.94531246
4.698930752,2.652018413,1.246148283,0.3970263254,0.02852576472,0.07192505896,0.465102105,1.151897923,2.081524745,3.208078587,4.490013302,5.889782997,7.373463089,8.910388061,10.47293087,12.03617009
6.909022197,4.478768522,2.657226826,1.366317208,0.5355481058,0.1011342095,0.005367771315,0.1960266978,0.6258566023,1.252083005,2.036007972,2.94263881,3.940333434,5.000549276,6.097533311,7.208126231
221.5242245,236.2338183,250.6238627,264.6539563,278.2885884,291.4963803,304.2494935,316.5236303,328.2968981,339.5501834,350.2666516,360.4312621,370.0310363,379.0543586,387.4911691,395.3324524
1.876625324,3.352942879,5.144678965,7.193037896,9.444958225,11.85252084,14.37252256,16.9658739,19.59733305,22.23511165,24.85049731,27.41769405,29.91344365,32.31689851,34.60932311,36.77412168
1.366317208,0.5355481058,0.1011342095,0.005367771315,0.1960266978,0.6258566023,1.252083005,2.036007972,2.94263881,3.940333434,5.000549276,6.097533311,7.208126231,8.311509693,9.389119543,10.42429843
2.999171153,1.737166314,0.8588376199,0.3105286509,0.04363461748,0.01415270666,0.1822329481,0.5118145299,0.9702788078,1.528167684,2.158896531,2.838535471,3.545571888,4.260785498,4.966962003,5.648908793
11.00923052,8.565777317,6.539532557,4.879190648,3.538292111,2.474682899,1.65016597,1.030169555,0.5834045003,0.2816229713,0.0993539527,0.01369627776,0.004117406803,0.05228915159,0.1419355266,0.2586955412
8.565777317,6.539532557,4.879190648,3.538292111,2.474682899,1.65016597,1.030169555,0.5834045003,0.2816229713,0.0993539527,0.01369627776,0.004117406803,0.05228915159,0.1419355266,0.2586955412,0.3900101222
6.539532557,4.879190648,3.538292111,2.474682899,1.65016597,1.030169555,0.5834045003,0.2816229713,0.0993539527,0.01369627776,0.004117406803,0.05228915159,0.1419355266,0.2586955412,0.3900101222,0.5250255769
10.29696866,8.300361813,6.620907875,5.219341691,4.060114928,3.111022908,2.342986192,1.729763193,1.247758473,0.8757833614,0.5949527258,0.3884488933,0.2414531095,0.1409943141,0.07585260324,0.03647880838
15.06243152,12.76713285,10.78851741,9.090060302,7.638641317,6.404349412,5.360172434,4.481820667,3.747449316,3.1376163,2.63496226,2.224210678,1.891978506,1.62667963,1.418467334,1.259093151
6.620907875,5.219341691,4.060114928,3.111022908,2.342986192,1.729763193,1.247758473,0.8757833614,0.5949527258,0.3884488933,0.2414531095,0.1409943141,0.07585260324,0.03647880838,0.01490674965,0.004708536202
10.78851741,9.090060302,7.638641317,6.404349412,5.360172434,4.481820667,3.747449316,3.1376163,2.63496226,2.224210678,1.891978506,1.62667963,1.418467334,1.259093151,1.141946085,1.061879996
9.090060302,7.638641317,6.404349412,5.360172434,4.481820667,3.747449316,3.1376163,2.63496226,2.224210678,1.891978506,1.62667963,1.418467334,1.259093151,1.141946085,1.061879996,1.015293934
7.638641317,6.404349412,5.360172434,4.481820667,3.747449316,3.1376163,2.63496226,2.224210678,1.891978506,1.62667963,1.418467334,1.259093151,1.141946085,1.061879996,1.015293934,1
6.404349412,5.360172434,4.481820667,3.747449316,3.1376163,2.63496226,2.224210678,1.891978506,1.62667963,1.418467334,1.259093151,1.141946085,1.061879996,1.015293934,1,1
5.360172434,4.481820667,3.747449316,3.1376163,2.63496226,2.224210678,1.891978506,1.62667963,1.418467334,1.259093151,1.141946085,1.061879996,1.015293934,1,1,1
9.715882862,8.619115271,7.680279874,6.881475627,6.206968246,5.642962698,5.177506656,4.800455859,4.503279552,4.279183634,4.122831229,4.030529835,4,4,4,4
8.619115271,7.680279874,6.881475627,6.206968246,5.642962698,5.177506656,4.800455859,4.503279552,4.279183634,4.122831229,4.030529835,4,4,4,4,4
7.680279874,6.881475627,6.206968246,5.642962698,5.177506656,4.800455859,4.503279552,4.279183634,4.122831229,4.030529835,4,4,4,4,4,4
6.881475627,6.206968246,5.642962698,5.177506656,4.800455859,4.503279552,4.279183634,4.122831229,4.030529835,4,4,4,4,4,4,4
6.206968246,5.642962698,5.177506656,4.800455859,4.503279552,4.279183634,4.122831229,4.030529835,4,4,4,4,4,4,4,4
5.642962698,5.177506656,4.800455859,4.503279552,4.279183634,4.122831229,4.030529835,4,4,4,4,4,4,4,4,4
10.72833368,10.18244438,9.747465954,9.416421183,9.183782462,9.045765736,9,9,9,9,9,9,9,9,9,9
10.18244438,9.747465954,9.416421183,9.183782462,9.045765736,9,9,9,9,9,9,9,9,9,9,9
9.747465954,9.416421183,9.183782462,9.045765736,9,9,9,9,9,9,9,9,9,9,9,9
9.416421183,9.183782462,9.045765736,9,9,9,9,9,9,9,9,9,9,9,9,9
9.183782462,9.045765736,9,9,9,9,9,9,9,9,9,9,9,9,9,9
9.045765736,9,9,9,9,9,9,9,9,9,9,9,9,9,9,9
9,9,9,9,9,9,9,9,9,9,9,9,9,9,9,9
9,9,9,9,9,9,9,9,9,9,9,9,9,9,9,9
9,9,9,9,9,9,9,9,9,9,9,9,9,9,9,9
9,9,9,9,9,9,9,9,9,9,9,9,9,9,9,9
9,9,9,9,9,9,9,9,9,9,9,9,9,9,9,9
9,9,9,9,9,9,9,9,9,9,9,9,9,9,9,9
9,9,9,9,9,9,9,9,9,9,9,9,9,9,9,9
9,9,9,9,9,9,9,9,9,9,9,9,9,9,9,9
9,9,9,9,9,9,9,9,9,9,9,9,9,9,9,9
9,9,9,9,9,9,9,9,9,9,9,9,9,9,9,9
9,9,9,9,9,9,9,9,9,9,9,9,9,9,9,9
9,9,9,9,9,9,9,9,9,9,9,9,9,9,9,9
9,9,9,9,9,9,9,9,9,9,9,9,9,9,9,9
16,16,16,16,16,16,16,16,16,16,16,16,16,16,16,16
16,16,16,16,16,16,16,16,16,16,16,16,16,16,16,16
16,16,16,16,16,16,16,16,16,16,16,16,16,16,16,16
16,16,16,16,16,16,16,16,16,16,16,16,16,16,16,16
16,16,16,16,16,16,16,16,16,16,16,16,16,16,16,16
16,16,16,16,16,16,16,16,16,16,16,16,16,16,16,16
16,16,16,16,16,16,16,16,16,16,16,16,16,16,16,16
16,16,16,16,16,16,16,16,16,16,16,16,16,16,16,16
16.06100164,16,16,16,16,16,16,16,16,16,16,16,16,16,16,16
16.24473369,16.06100164,16,16,16,16,16,16,16,16,16,16,16,16,16,16
16.55365873,16.24473369,16.06100164,16,16,16,16,16,16,16,16,16,16,16,16,16
9.747465954,9.416421183,9.183782462,9.045765736,9,9,9,9,9,9,9,9,9,9,9,9
17.56443291,16.99165236,16.55365873,16.24473369,16.06100164,16,16,16,16,16,16,16,16,16,16,16
10.72833368,10.18244438,9.747465954,9.416421183,9.183782462,9.045765736,9,9,9,9,9,9,9,9,9,9
11.39394689,10.72833368,10.18244438,9.747465954,9.416421183,9.183782462,9.045765736,9,9,9,9,9,9,9,9,9
12.18972581,11.39394689,10.72833368,10.18244438,9.747465954,9.416421183,9.183782462,9.045765736,9,9,9,9,9,9,9,9
13.12798899,12.18972581,11.39394689,10.72833368,10.18244438,9.747465954,9.416421183,9.183782462,9.045765736,9,9,9,9,9,9,9
14.22294345,13.12798899,12.18972581,11.39394689,10.72833368,10.18244438,9.747465954,9.416421183,9.183782462,9.045765736,9,9,9,9,9,9
15.49078123,14.22294345,13.12798899,12.18972581,11.39394689,10.72833368,10.18244438,9.747465954,9.416421183,9.183782462,9.045765736,9,9,9,9,9
16.94994506,15.49078123,14.22294345,13.12798899,12.18972581,11.39394689,10.72833368,10.18244438,9.747465954,9.416421183,9.183782462,9.045765736,9,9,9,9
18.62099092,16.94994506,15.49078123,14.22294345,13.12798899,12.18972581,11.39394689,10.72833368,10.18244438,9.747465954,9.416421183,9.183782462,9.045765736,9,9,9
20.52707585,18.62099092,16.94994506,15.49078123,14.22294345,13.12798899,12.18972581,11.39394689,10.72833368,10.18244438,9.747465954,9.416421183,9.183782462,9.045765736,9,9
22.69387813,20.52707585,18.62099092,16.94994506,15.49078123,14.22294345,13.12798899,12.18972581,11.39394689,10.72833368,10.18244438,9.747465954,9.416421183,9.183782462,9.045765736,9
25.14991279,22.69387813,20.52707585,18.62099092,16.94994506,15.49078123,14.22294345,13.12798899,12.18972581,11.39394689,10.72833368,10.18244438,9.747465954,9.416421183,9.183782462,9.045765736
27.92686885,25.14991279,22.69387813,20.52707585,18.62099092,16.94994506,15.49078123,14.22294345,13.12798899,12.18972581,11.39394689,10.72833368,10.18244438,9.747465954,9.416421183,9.183782462
31.0595828,27.92686885,25.14991279,22.69387813,20.52707585,18.62099092,16.94994506,15.49078123,14.22294345,13.12798899,12.18972581,11.39394689,10.72833368,10.18244438,9.747465954,9.416421183
34.58652605,31.0595828,27.92686885,25.14991279,22.69387813,20.52707585,18.62099092,16.94994506,15.49078123,14.22294345,13.12798899,12.18972581,11.39394689,10.72833368,10.18244438,9.747465954
38.55030271,34.58652605,31.0595828,27.92686885,25.14991279,22.69387813,20.52707585,18.62099092,16.94994506,15.49078123,14.22294345,13.12798899,12.18972581,11.39394689,10.72833368,10.18244438
42.99749034,38.55030271,34.58652605,31.0595828,27.92686885,25.14991279,22.69387813,20.52707585,18.62099092,16.94994506,15.49078123,14.22294345,13.12798899,12.18972581,11.39394689,10.72833368
47.97965671,42.99749034,38.55030271,34.58652605,31.0595828,27.92686885,25.14991279,22.69387813,20.52707585,18.62099092,16.94994506,15.49078123,14.22294345,13.12798899,12.18972581,11.39394689
53.55335894,47.97965671,42.99749034,38.55030271,34.58652605,31.0595828,27.92686885,25.14991279,22.69387813,20.52707585,18.62099092,16.94994506,15.49078123,14.22294345,13.12798899,12.18972581
45.31728639,39.91732684,35.12618686,30.88299602,27.13252469,23.82446398,20.91335783,18.35769313,16.11997504,14.16625972,12.46571263,10.99058167,9.715882862,8.619115271,7.680279874,6.881475627
51.39301117,45.31728639,39.91732684,35.12618686,30.88299602,27.13252469,23.82446398,20.91335783,18.35769313,16.11997504,14.16625972,12.46571263,10.99058167,9.715882862,8.619115271,7.680279874
58.21837162,51.39301117,45.31728639,39.91732684,35.12618686,30.88299602,27.13252469,23.82446398,20.91335783,18.35769313,16.11997504,14.16625972,12.46571263,10.99058167,9.715882862,8.619115271
65.87442804,58.21837162,51.39301117,45.31728639,39.91732684,35.12618686,30.88299602,27.13252469,23.82446398,20.91335783,18.35769313,16.11997504,14.16625972,12.46571263,10.99058167,9.715882862
74.45111073,65.87442804,58.21837162,51.39301117,45.31728639,39.91732684,35.12618686,30.88299602,27.13252469,23.82446398,20.91335783,18.35769313,16.11997504,14.16625972,12.46571263,10.99058167
84.04675485,74.45111073,65.87442804,58.21837162,51.39301117,45.31728639,39.91732684,35.12618686,30.88299602,27.13252469,23.82446398,20.91335783,18.35769313,16.11997504,14.16625972,12.46571263
94.77075679,84.04675485,74.45111073,65.87442804,58.21837162,51.39301117,45.31728639,39.91732684,35.12618686,30.88299602,27.13252469,23.82446398,20.91335783,18.35769313,16.11997504,14.16625972
87.0800436,76.30070216,66.71135141,58.19409932,50.64181543,43.95817874,38.05522736,32.85366334,28.28129473,24.27271701,20.76850169,17.71474668,15.06240191,12.76713285,10.78851741,9.0900373
99.18000213,87.0800436,76.30070216,66.71135141,58.19409932,50.64181543,43.95817874,38.05522736,32.85366334,28.28129473,24.27271701,20.76850169,17.71474668,15.06240191,12.76713285,10.78851741
112.7454081,99.18000213,87.0800436,76.30070216,66.71135141,58.19409932,50.64181543,43.95817874,38.05522736,32.85366334,28.28129473,24.27271701,20.76850169,17.71474668,15.06240191,12.76713285
127.9364097,112.7454081,99.18000213,87.0800436,76.30070216,66.71135141,58.19409932,50.64181543,43.95817874,38.05522736,32.85366334,28.28129473,24.27271701,20.76850169,17.71474668,15.06240191
144.931035,127.9364097,112.7454081,99.18000213,87.0800436,76.30070216,66.71135141,58.19409932,50.64181543,43.95817874,38.05522736,32.85366334,28.28129473,24.27271701,20.76850169,17.71474668
163.9270037,144.931035,127.9364097,112.7454081,99.18000213,87.0800436,76.30070216,66.71135141,58.19409932,50.64181543,43.95817874,38.05522736,32.85366334,28.28129473,24.27271701,20.76850169
158.9310235,139.3202075,121.8535737,106.314614,92.50907993,80.26217071,69.41670589,59.83064754,51.37594796,43.9370879,37.40920282,31.69798587,26.71744354,22.39004029,18.64526263,15.41924717
180.9269438,158.9310235,139.3202075,121.8535737,106.314614,92.50907993,80.26217071,69.41670589,59.83064754,51.37594796,43.9370879,37.40920282,31.69798587,26.71744354,22.39004029,18.64526263
205.5777329,180.9269438,158.9310235,139.3202075,121.8535737,106.314614,92.50907993,80.26217071,69.41670589,59.83064754,51.37594796,43.9370879,37.40920282,31.69798587,26.71744354,22.39004029
233.1839817,205.5777329,180.9269438,158.9310235,139.3202075,121.8535737,106.314614,92.50907993,80.26217071,69.41670589,59.83064754,51.37594796,43.9370879,37.40920282,31.69798587,26.71744354
232.5822796,203.643256,177.9017686,155.0251265,134.7174539,116.7134112,100.7761125,86.69281835,74.27275181,63.34433929,53.75336818,45.36059291,38.04054452,31.68007649,26.17659021,21.437793
265.0915233,232.5822796,203.643256,177.9017686,155.0251265,134.7174539,116.7134112,100.7761125,86.69281835,74.27275181,63.34433929,53.75336818,45.36059291,38.04054452,31.68007649,26.17659021
301.5908471,265.0915233,232.5822796,203.643256,177.9017686,155.0251265,134.7174539,116.7134112,100.7761125,86.69281835,74.27275181,63.34433929,53.75336818,45.36059291,38.04054452,31.68007649
306.5365889,267.8581048,233.5282604,203.0809826,176.1025303,152.2258042,131.1233092,112.5038842,96.10661494,81.69865125,69.07102269,58.03642368,48.42650787,40.09003047,32.89053828,26.70514108
279.2467626,240.5038436,206.3926202,176.4017345,150.0783886,127.0210789,106.8738755,89.31967452,74.07674495,60.89302241,49.54372876,39.82743138,31.56376743,24.59084502,18.76335506,13.95042903
323.2020605,279.2467626,240.5038436,206.3926202,176.4017345,150.0783886,127.0210789,106.8738755,89.31967452,74.07674495,60.89302241,49.54372876,39.82743138,31.56376743,24.59084502,18.76335506
1134.748965,1226.552997,1316.914884,1405.636091,1492.557278,1577.548799,1660.509648,1741.362616,1820.047765,1896.523356,1970.757554,2042.73282,2112.438283,2179.872262,2245.038377,2307.94578
978.1992135,1068.376894,1157.50864,1245.33624,1331.652464,1416.29002,1499.112062,1580.010945,1658.903342,1735.723729,1810.425174,1882.971124,1953.339617,2021.515744,2087.494057,2151.274705
887.2859749,978.1992135,1068.376894,1157.50864,1245.33624,1331.652464,1416.29002,1499.112062,1580.010945,1658.903342,1735.723729,1810.425174,1882.971124,1953.339617,2021.515744,2087.494057
853.4464699,947.8606667,1041.751566,1134.748965,1226.552997,1316.914884,1405.636091,1492.557278,1577.548799,1660.509648,1741.362616,1820.047765,1896.523356,1970.757554,2042.73282,2112.438283
758.9589493,853.4464699,947.8606667,1041.751566,1134.748965,1226.552997,1316.914884,1405.636091,1492.557278,1577.548799,1660.509648,1741.362616,1820.047765,1896.523356,1970.757554,2042.73282
664.9454992,758.9589493,853.4464699,947.8606667,1041.751566,1134.748965,1226.552997,1316.914884,1405.636091,1492.557278,1577.548799,1660.509648,1741.362616,1820.047765,1896.523356,1970.757554
620.9066875,717.5185736,815.0573685,912.8740822,1010.435358,1107.303919,1203.121035,1297.597355,1390.493528,1481.619719,1570.824535,1657.985536,1743.008351,1825.821891,1906.3718,1984.621539
28877.87487,29555.79847,30201.7605,30817.52499,31404.73309,31964.91505,32499.4998,33009.81537,33497.11788,33962.55417,34407.21293,34832.11142,35238.18588,35626.31769,35997.33521,36352.00504
28166.12077,28877.87487,29555.79847,30201.7605,30817.52499,31404.73309,31964.91505,32499.4998,33009.81537,33497.11788,33962.55417,34407.21293,34832.11142,35238.18588,35626.31769,35997.33521
27418.52836,28166.12077,28877.87487,29555.79847,30201.7605,30817.52499,31404.73309,31964.91505,32499.4998,33009.81537,33497.11788,33962.55417,34407.21293,34832.11142,35238.18588,35626.31769
26632.95904,27418.52836,28166.12077,28877.87487,29555.79847,30201.7605,30817.52499,31404.73309,31964.91505,32499.4998,33009.81537,33497.11788,33962.55417,34407.21293,34832.11142,35238.18588
214.5056485,295.7050105,383.5883269,476.4463909,572.8800907,671.742686,772.0916479,873.1557877,974.3016945,1075.01005,1174.856272,1273.493105,1370.641712,1466.072172,1559.603346,1651.091793
25210.72944,25807.14096,26632.95904,27418.52836,28166.12077,28877.87487,29555.79847,30201.7605,30817.52499,31404.73309,31964.91505,32499.4998,33009.81537,33497.11788,33962.55417,34407.21293
25504.9931,25786.17221,26054.59563,26632.95904,27418.52836,28166.12077,28877.87487,29555.79847,30201.7605,30817.52499,31404.73309,31964.91505,32499.4998,33009.81537,33497.11788,33962.55417
25786.17221,26054.59563,26310.58637,26554.43954,26786.45229,27418.52836,28166.12077,28877.87487,29555.79847,30201.7605,30817.52499,31404.73309,31964.91505,32499.4998,33009.81537,33497.11788
26054.59563,26310.58637,26554.43954,26786.45229,27006.88964,27216.00248,27418.52836,28166.12077,28877.87487,29555.79847,30201.7605,30817.52499,31404.73309,31964.91505,32499.4998,33009.81537
26310.58637,26554.43954,26786.45229,27006.88964,27216.00248,27414.04377,27601.22679,27777.77947,28166.12077,28877.87487,29555.79847,30201.7605,30817.52499,31404.73309,31964.91505,32499.4998
26554.43954,26786.45229,27006.88964,27216.00248,27414.04377,27601.22679,27777.77947,27943.89011,28099.76226,28245.55783,28877.87487,29555.79847,30201.7605,30817.52499,31404.73309,31964.91505
312.0759779,336.2723565,359.9645802,383.0580521,405.4653195,427.1113213,447.9259379,467.8498502,486.8266247,504.8080427,521.7508213,572.8800907,671.742686,772.0916479,873.1557877,974.3016945
336.2723565,359.9645802,383.0580521,405.4653195,427.1113213,447.9259379,467.8498502,486.8266247,504.8080427,521.7508213,537.6162843,552.3697727,572.8800907,671.742686,772.0916479,873.1557877
359.9645802,383.0580521,405.4653195,427.1113213,447.9259379,467.8498502,486.8266247,504.8080427,521.7508213,537.6162843,552.3697727,565.981931,578.4253994,589.6769183,671.742686,772.0916479
383.0580521,405.4653195,427.1113213,447.9259379,467.8498502,486.8266247,504.8080427,521.7508213,537.6162843,552.3697727,565.981931,578.4253994,589.6769183,599.7162747,608.5267497,671.742686
446.7376583,469.4446648,491.2544597,512.1095243,531.9549206,550.74391,568.4345524,584.9893922,600.3748692,614.5626805,627.5263515,639.2434466,649.6944852,658.8634197,666.7346348,673.2970189
427.1113213,447.9259379,467.8498502,486.8266247,504.8080427,521.7508213,537.6162843,552.3697727,565.981931,578.4253994,589.6769183,599.7162747,608.5267497,616.0922246,622.4010838,627.4437904
406.5974162,425.5901761,443.6983288,460.8721754,477.0670902,492.2431764,506.3646763,519.4011815,531.3244472,542.11039,551.7380643,560.1900798,567.4498143,573.5051488,578.3461342,581.9629853
347.070828,363.441737,379.0004408,393.6996281,407.4969606,420.3544834,432.2396825,443.122543,452.9773333,461.7816434,469.51674,476.1649937,481.7132787,486.1508217,489.4673493,491.6576765
402.5700329,418.9363081,434.3833592,448.8700685,462.3595799,474.820432,486.2234951,496.5438616,505.7598538,513.8534099,520.807404,526.6092137,531.2484779,534.7151673,537.0043867,538.1113627
379.0004408,393.6996281,407.4969606,420.3544834,432.2396825,443.122543,452.9773333,461.7816434,469.51674,476.1649937,481.7132787,486.1508217,489.4673493,491.6576765,492.7169077,492.7169077
393.6996281,407.4969606,420.3544834,432.2396825,443.122543,452.9773333,461.7816434,469.51674,476.1649937,481.7132787,486.1508217,489.4673493,491.6576765,492.7169077,492.7169077,492.7169077
407.4969606,420.3544834,432.2396825,443.122543,452.9773333,461.7816434,469.51674,476.1649937,481.7132787,486.1508217,489.4673493,491.6576765,492.7169077,492.7169077,492.7169077,492.7169077
420.3544834,432.2396825,443.122543,452.9773333,461.7816434,469.51674,476.1649937,481.7132787,486.1508217,489.4673493,491.6576765,492.7169077,492.7169077,492.7169077,492.7169077,492.7169077
432.2396825,443.122543,452.9773333,461.7816434,469.51674,476.1649937,481.7132787,486.1508217,489.4673493,491.6576765,492.7169077,492.7169077,492.7169077,492.7169077,492.7169077,492.7169077
8.699691389,7.380653623,6.304592573,5.436661854,4.747147046,4.210837261,3.807071686,3.519717453,3.336631581,3.249988766,3.249988766,3.249988766,3.249988766,3.249988766,3.249988766,3.249988766
7.380653623,6.304592573,5.436661854,4.747147046,4.210837261,3.807071686,3.519717453,3.336631581,3.249988766,3.249988766,3.249988766,3.249988766,3.249988766,3.249988766,3.249988766,3.249988766